STATUS,URL
200,https://openeb5.com/
200,https://openeb5.com/about-us/
200,https://openeb5.com/advisory-board/
200,https://openeb5.com/america/
200,https://openeb5.com/argentina/
200,https://openeb5.com/asia/
200,https://openeb5.com/australia/
200,https://openeb5.com/blog/3-clear-signs-that-you-are-ready-to-apply-for-the-eb-5-visa/
200,https://openeb5.com/blog/5-factors-to-consider-before-choosing-an-eb-5-project-in-2026/
200,https://openeb5.com/blog/eb-5-grandfathering-deadline-september-30-2026/
200,https://openeb5.com/blog/eb-5-program-how-a-financial-contribution-allows-you-to-legally-immigrate-to-the-u-s/
200,https://openeb5.com/blog/eb-5-project-strength-explained-why-midtown-brownsville-ii-is-a-strategic-opportunity-in-the-rio-grande-valley/
200,https://openeb5.com/blog/eb-5-projects-thrive-in-regions-where-housing-demand-and-employment-needs-intersect/
200,https://openeb5.com/blog/eb-5-visa-direct-investment-or-regional-center/
200,https://openeb5.com/blog/eb5-september-30-deadline-midtown-brownsville-ii/
200,https://openeb5.com/blog/families-in-latin-america-and-europe-are-choosing-the-eb-5-program-why/
200,https://openeb5.com/blog/green-card-how-to-obtain-it-through-investment-employment-or-family/
200,https://openeb5.com/blog/guide-to-the-eb-5-investor-visa-requirements-costs-and-the-path-to-a-green-card-through-investment/
200,https://openeb5.com/blog/historic-i956f-approval-midtown-brownsville-ii/
200,https://openeb5.com/blog/midtown-brownsville-positioned-at-the-center-of-a-new-u-s-energy-industrial-expansion/
200,https://openeb5.com/blog/myths-and-realities-of-the-eb-5-program-what-it-is-and-what-it-isnt/
200,https://openeb5.com/blog/open-eb5-secures-i-956f-approval-for-midtown-pharr-a-milestone-in-the-rio-grande-valley/
200,https://openeb5.com/blog/saronic-technologies-brownsville-port-alpha-eb5/
200,https://openeb5.com/blog/strategic-investment-with-open-eb5/
200,https://openeb5.com/blog/the-rio-grande-valley-a-rising-borderland-metropolis/
200,https://openeb5.com/blog/updated-requirements-for-the-eb-5-visa-in-2025/
200,https://openeb5.com/blog/what-happens-after-obtaining-the-green-card-through-eb-5-stages-rights-and-next-steps/
200,https://openeb5.com/blog/what-is-the-eb-5-visa-and-how-does-it-work-a-complete-step-by-step-guide/
200,https://openeb5.com/blog/what-is-the-eb5-program-and-who-qualifies-for-it-in-the-u-s/
200,https://openeb5.com/blog/what-is-the-green-card-and-what-benefits-does-it-offer-in-the-united-states/
200,https://openeb5.com/blog/why-texas-is-the-ideal-place-to-invest-and-obtain-your-eb5-visa-with-open-eb5/
200,https://openeb5.com/brazil/
301,https://openeb5.com/brownsville-parkside/
200,https://openeb5.com/category/blog/
200,https://openeb5.com/chile/
200,https://openeb5.com/china/
200,https://openeb5.com/collaborative-projects/
200,https://openeb5.com/colombia/
200,https://openeb5.com/contact-us/
200,https://openeb5.com/countries/
200,https://openeb5.com/current-projects/
200,https://openeb5.com/eb-5-blog/
200,https://openeb5.com/eb-5/
200,https://openeb5.com/europe/
200,https://openeb5.com/india/
200,https://openeb5.com/investors/
200,https://openeb5.com/israel/
200,https://openeb5.com/mexico/
200,https://openeb5.com/midtown-brownsville-ii/
301,https://openeb5.com/midtown-pharr/
200,https://openeb5.com/news/
200,https://openeb5.com/oceania/
200,https://openeb5.com/pakistan/
200,https://openeb5.com/past-projects/
200,https://openeb5.com/peru/
200,https://openeb5.com/privacy-policy/
200,https://openeb5.com/south-korea/
200,https://openeb5.com/spain/
200,https://openeb5.com/tag/builder/
200,https://openeb5.com/tag/cloud/
200,https://openeb5.com/tag/map/
200,https://openeb5.com/taiwan/
200,https://openeb5.com/terms-of-service/
200,https://openeb5.com/the-complete-guide-to-eb-5-investment/
200,https://openeb5.com/the-team/
200,https://openeb5.com/united-kingdom/
200,https://openeb5.com/vietnam/
